chr,position,Ref,Alt,Func.reference,Gene.refGene,B,A
chr10,14383205,T,A,ncRNA_exonic,MIR4293,5,12
chr11,117903679,A,G,exonic,TMPRSS13,5,13
chr11,118894558,G,C,exonic,CXCR5,6,16
chr11,17593656,G,A,exonic,OTOG,5,12
chr11,17610204,C,T,exonic,OTOG,5,14
chr11,17611104,C,T,exonic,OTOG,5,14
chr11,17641897,C,T,exonic,OTOG,4,12
chr11,5788760,G,A,exonic,OR52N1,5,13
chr11,62998959,A,T,exonic,SLC22A8,6,14
chr11,67393490,A,G,exonic,RAD9A,5,12
chr11,71796106,T,G,exonic,FAM86C1,6,14
chr11,74267198,G,A,exonic,P4HA3,8,19
chr11,74277122,C,T,exonic,P4HA3,8,19
chr12,21178665,T,C,exonic,SLCO1B1,6,14
chr12,32582302,C,T,exonic,FGD4,5,12
chr12,69880205,T,G,exonic,MYRFL,5,12
chr12,7921596,G,A,exonic,SLC2A3,5,13
chr13,40756890,C,G,exonic,MRPS31,5,13
chr14,20229441,T,G,exonic,OR11H7,6,14
chr14,45242391,T,C,exonic,MIS18BP1,2,12
chr14,76803445,A,C,exonic,ANGEL1,3,12
chr15,40807701,-,GGGGC,exonic,ZFYVE19,6,15
chr15,48487333,G,C,exonic,FBN1,3,13
chr15,48505110,A,G,exonic,FBN1,5,15
chr17,32142404,C,A,ncRNA_exonic,LOC105371730,4,14
chr17,32150662,C,A,ncRNA_exonic,ARGFXP2,5,14
chr17,32206951,A,G,exonic,RHOT1,6,14
chr17,41464147,C,T,exonic,KRT32,5,14
chr17,48724362,T,G,exonic,PRAC2,8,20
chr17,48728081,A,G,exonic,HOXB13,5,15
chr17,65536399,G,A,exonic,AXIN2,5,13
chr17,73402031,G,C,exonic,SDK2,4,12
chr18,49049688,T,C,ncRNA_exonic,MIR4744,5,16
chr19,10005699,G,T,exonic,COL5A3,5,16
chr19,33156473,T,C,exonic,WDR88,6,14
chr19,49196609,C,T,exonic,TRPM4,5,12
chr19,52383993,-,CAA,exonic,ZNF880,7,19
chr19,52384174,A,C,exonic,ZNF880,7,19
chr19,52384184,A,C,exonic,ZNF880,7,19
chr19,52384651,T,C,exonic,ZNF880,7,19
chr19,52384817,-,TTGGGAGGCCGAGGCGG,exonic,ZNF880,4,16
chr19,52384957,T,C,exonic,ZNF880,7,19
chr19,52384992,A,G,exonic,ZNF880,7,19
chr19,52842068,T,G,exonic,ZNF468,5,13
chr1,1014228,G,A,exonic,ISG15,5,12
chr1,200898424,C,T,exonic,C1orf106,4,12
chr1,30876828,G,A,exonic,SDC3,6,14
chr1,32363680,G,A,exonic,TSSK3,5,13
chr1,84550494,A,G,exonic,SPATA1,7,18
chr1,84565947,G,A,exonic,CTBS,7,18
chr1,84574272,G,A,exonic,CTBS,7,18
chr1,84574386,G,A,exonic,CTBS,7,18
chr20,35286917,C,T,exonic,FAM83C,5,12
chr20,62546157,T,C,ncRNA_exonic,C20orf166-AS1,5,12
chr2,238116989,T,C,exonic,ESPNL,7,20
chr2,238117004,C,T,exonic,ESPNL,7,20
chr2,238127629,C,T,exonic,ESPNL,5,14
chr2,30640226,C,T,exonic,LCLAT1,5,12
chr2,30640242,A,G,exonic,LCLAT1,5,12
chr3,167305950,G,C,exonic,ZBBX,5,12
chr3,167317026,T,C,exonic,ZBBX,5,12
chr3,167350468,T,A,exonic,ZBBX,5,12
chr3,53735452,C,T,exonic,CACNA1D,5,12
chr4,105234028,C,G,exonic,TET2,5,13
chr4,109836068,G,A,exonic,RRH,5,12
chr4,109836131,G,A,exonic,RRH,5,12
chr4,36316348,T,C,exonic,DTHD1,3,14
chr4,87491654,T,C,exonic,SPARCL1,5,12
chr5,126603717,C,T,exonic,PHAX,5,14
chr5,151525924,C,T,exonic,FAT2,5,12
chr5,168247365,C,T,exonic,TENM2,5,12
chr7,126902613,A,T,exonic,GRM8,6,15
chr7,64521181,T,C,exonic,ZNF680,4,12
chr8,141479310,A,G,exonic,MROH5,4,12
chr8,31167138,T,C,exonic,WRN,2,12
chr8,3493625,G,A,exonic,CSMD1,4,12
chr9,113584007,C,T,exonic,RGS3,5,13
chr9,114240237,C,T,exonic,COL27A1,5,12
chr9,114309464,A,G,exonic,COL27A1,6,17
